Race,Candidate,Party,Votes,PercentageOfTotalVotes,JurisdictionName
Initiative Measure No. 1433 concerns labor standards.,Yes,,1848583,57.42,State Executive
Initiative Measure No. 1433 concerns labor standards.,No,,1370907,42.58,State Executive
Initiative Measure No. 1464 concerns campaign finance laws and lobbyists.,Yes,,1415798,46.29,State Executive
Initiative Measure No. 1464 concerns campaign finance laws and lobbyists.,No,,1642784,53.71,State Executive
Initiative Measure No. 1491 concerns court-issued extreme risk protection orders temporarily preventing access to firearms.,Yes,,2234799,69.39,State Executive
Initiative Measure No. 1491 concerns court-issued extreme risk protection orders temporarily preventing access to firearms.,No,,985658,30.61,State Executive
Initiative Measure No. 1501 concerns seniors and vulnerable individuals.,Yes,,2247906,70.64,State Executive
Initiative Measure No. 1501 concerns seniors and vulnerable individuals.,No,,934365,29.36,State Executive
Initiative Measure No. 732 concerns taxes.,Yes,,1265123,40.75,State Executive
Initiative Measure No. 732 concerns taxes.,No,,1839414,59.25,State Executive
Initiative Measure No. 735 concerns a proposed amendment to the federal constitution.,Yes,,1923489,62.82,State Executive
Initiative Measure No. 735 concerns a proposed amendment to the federal constitution.,No,,1138453,37.18,State Executive
Advisory Vote No. 14 House Bill 2768,Repealed,,2038321,69.14,State Executive
Advisory Vote No. 14 House Bill 2768,Maintained,,909701,30.86,State Executive
Advisory Vote No. 15 Second Engrossed Substitute House Bill 2778,Repealed,,1754489,59.9,State Executive
Advisory Vote No. 15 Second Engrossed Substitute House Bill 2778,Maintained,,1174345,40.1,State Executive
Proposed Amendments to the Constitution - Senate Joint Resolution No. 8210 concerns the deadline for completing state legislative and congressional redistricting.,Approved,,2246030,77.32,State Executive
Proposed Amendments to the Constitution - Senate Joint Resolution No. 8210 concerns the deadline for completing state legislative and congressional redistricting.,Rejected,,658927,22.68,State Executive
President/Vice President,Hillary Clinton / Tim Kaine,Democratic Party Nominees,1742718,54.3,Federal
President/Vice President,Donald J. Trump / Michael R. Pence,Republican Party Nominees,1221747,38.07,Federal
President/Vice President,Alyson Kennedy / Osborne Hart,Socialist Workers Party Nominees,4307,0.13,Federal
President/Vice President,Gloria Estela La Riva / Eugene Puryear,Socialism &amp; Liberation Party Nominees,3523,0.11,Federal
President/Vice President,Jill Stein / Ajamu Baraka,Green Party Nominees,58417,1.82,Federal
President/Vice President,Darrell L. Castle / Scott N. Bradley,Constitution Party Nominees,17623,0.55,Federal
President/Vice President,Gary Johnson / Bill Weld,Libertarian Party Nominees,160879,5.01,Federal
U.S. Senator,Patty Murray,(Prefers Democratic Party),1913979,59.01,Federal
U.S. Senator,Chris Vance,(Prefers Republican Party),1329338,40.99,Federal
Congressional District 1 - U.S. Representative,Suzan DelBene ,(Prefers Democratic Party),193619,55.42,Congressional
Congressional District 1 - U.S. Representative,Robert J. Sutherland,(Prefers Republican Party),155779,44.58,Congressional
Congressional District 2 - U.S. Representative,Rick Larsen,(Prefers Democratic Party),208314,64.02,Congressional
Congressional District 2 - U.S. Representative,Marc Hennemann,(Prefers Republican Party),117094,35.98,Congressional
Congressional District 3 - U.S. Representative,Jaime Herrera Beutler,(Prefers Republican Party),193457,61.75,Congressional
Congressional District 3 - U.S. Representative,Jim Moeller,(Prefers Democratic Party),119820,38.25,Congressional
Congressional District 4 - U.S. Representative,Dan Newhouse,(Prefers Republican Party),132517,57.64,Congressional
Congressional District 4 - U.S. Representative,Clint Didier,(Prefers Republican Party),97402,42.36,Congressional
Congressional District 5 - U.S. Representative,Cathy McMorris Rodgers,(Prefers Republican Party),192959,59.64,Congressional
Congressional District 5 - U.S. Representative,Joe Pakootas,(Prefers Democratic Party),130575,40.36,Congressional
Congressional District 6 - U.S. Representative,Derek Kilmer,(Prefers Democratic Party),201718,61.53,Congressional
Congressional District 6 - U.S. Representative,Todd A. Bloom,(Prefers Republican Party),126116,38.47,Congressional
Congressional District 7 - U.S. Representative,Pramila Jayapal,(Prefers Democratic Party),212010,55.98,Congressional
Congressional District 7 - U.S. Representative,Brady Pinero Walkinshaw,(Prefers Democratic Party),166744,44.02,Congressional
Congressional District 8 - U.S. Representative,Dave Reichert,(Prefers Republican Party),193145,60.2,Congressional
Congressional District 8 - U.S. Representative,Tony Ventrella,(Prefers Democratic Party),127720,39.8,Congressional
Congressional District 9 - U.S. Representative,Adam Smith,(Prefers Democratic Party),205165,72.89,Congressional
Congressional District 9 - U.S. Representative,Doug Basler,(Prefers Republican Party),76317,27.11,Congressional
Congressional District 10 - U.S. Representative,Denny Heck,(Prefers Democratic Party),170460,58.67,Congressional
Congressional District 10 - U.S. Representative,Jim Postma,(Prefers Republican Party),120104,41.33,Congressional
Governor,Jay Inslee,(Prefers Democratic Party),1760520,54.39,State Executive
Governor,Bill Bryant,(Prefers Republican Party),1476346,45.61,State Executive
Lt. Governor,Cyrus Habib,(Prefers Democratic Party),1698297,54.39,State Executive
Lt. Governor,Marty McClendon,(Prefers Republican Party),1424277,45.61,State Executive
Secretary of State,Kim Wyman,(Prefers Republican Party),1713004,54.74,State Executive
Secretary of State,Tina Podlodowski,(Prefers Democratic Party),1416299,45.26,State Executive
State Treasurer,Duane Davidson,(Prefers Republican Party),1576580,58.15,State Executive
State Treasurer,Michael Waite,(Prefers Republican Party),1134843,41.85,State Executive
State Auditor,Mark Miloscia,(Prefers Republican Party),1455771,47.69,State Executive
State Auditor,Pat (Patrice) McCarthy,(Prefers Democratic Party),1597011,52.31,State Executive
Attorney General,Bob Ferguson,(Prefers Democratic Party),2000804,67.14,State Executive
Attorney General,Joshua B. Trumbull,(Prefers Libertarian Party),979105,32.86,State Executive
Commissioner of Public Lands,Steve McLaughlin,(Prefers Republican Party),1436817,46.84,State Executive
Commissioner of Public Lands,Hilary Franz,(Prefers Democratic Party),1630369,53.16,State Executive
Superintendent of Public Instruction,Erin Jones,,1309896,49.48,State Executive
Superintendent of Public Instruction,Chris Reykdal,,1337547,50.52,State Executive
Insurance Commissioner,Mike Kreidler,(Prefers Democratic Party),1763134,58.34,State Executive
Insurance Commissioner,Richard Schrock,(Prefers Republican Party),1258827,41.66,State Executive
Legislative District 1 - State Senator,Mindie Wirth,(Prefers Republican Party),30850,43.08,Legislative
Legislative District 1 - State Senator,Guy Palumbo,(Prefers Democratic Party),40758,56.92,Legislative
Legislative District 1 - State Representative Pos. 1,Derek Stanford,(Prefers Democratic Party),43207,60.97,Legislative
Legislative District 1 - State Representative Pos. 1,Neil Thannisch,(Prefers Republican Party),27661,39.03,Legislative
Legislative District 1 - State Representative Pos. 2,Jim Langston,(Prefers Republican Party),31739,44.82,Legislative
Legislative District 1 - State Representative Pos. 2,Shelley Kloba,(Prefers Democratic Party),39076,55.18,Legislative
Legislative District 2 - State Senator,Randi Becker,(Prefers Republican Party),36739,61.35,Legislative
Legislative District 2 - State Senator,Marilyn Rasmussen,(Prefers Democratic Party),23149,38.65,Legislative
Legislative District 2 - State Representative Pos. 1,Andrew Barkis,(Prefers Republican Party),34167,58.2,Legislative
Legislative District 2 - State Representative Pos. 1,Amy Pivetta Hoffman,(Prefers Independent Dem. Party),24544,41.8,Legislative
Legislative District 2 - State Representative Pos. 2,JT Wilcox,(Prefers Republican Party),39033,65.66,Legislative
Legislative District 2 - State Representative Pos. 2,Derek Maynes,(Prefers Democratic Party),20413,34.34,Legislative
Legislative District 3 - State Senator,Andy Billig,(Prefers Democratic Party),33777,67.32,Legislative
Legislative District 3 - State Senator,James R. Apker,(Prefers Libertarian Party),16395,32.68,Legislative
Legislative District 3 - State Representative Pos. 1,Marcus Riccelli,(Prefers Democratic Party),33484,67.31,Legislative
Legislative District 3 - State Representative Pos. 1,Randy McGlenn II,(Prefers Libertarian Party),16260,32.69,Legislative
Legislative District 3 - State Representative Pos. 2,Timm Ormsby,(Prefers Democratic Party),31878,62.09,Legislative
Legislative District 3 - State Representative Pos. 2,Laura Carder,(Prefers Republican Party),19460,37.91,Legislative
Legislative District 4 - State Senator,Mike Padden,(Prefers Republican Party),55715,100,Legislative
Legislative District 4 - State Representative Pos. 1,Matt Shea,(Prefers Republican Party),43914,64.64,Legislative
Legislative District 4 - State Representative Pos. 1,Scott V. Stucker,(Prefers Democratic Party),24021,35.36,Legislative
Legislative District 4 - State Representative Pos. 2,Bob McCaslin,(Prefers Republican Party),55755,100,Legislative
Legislative District 5 - State Senator,Mark Mullet,(Prefers Democratic Party),37342,50.35,Legislative
Legislative District 5 - State Senator,Chad Magendanz,(Prefers Republican Party),36826,49.65,Legislative
Legislative District 5 - State Representative Pos. 1,Jay Rodne,(Prefers Republican Party),37772,51.94,Legislative
Legislative District 5 - State Representative Pos. 1,Jason Ritchie,(Prefers Dem/Working Fmly Party),34954,48.06,Legislative
Legislative District 5 - State Representative Pos. 2,Paul Graves,(Prefers Republican Party),39330,53.75,Legislative
Legislative District 5 - State Representative Pos. 2,Darcy Burner,(Prefers Democratic Party),33838,46.25,Legislative
Legislative District 6 - State Representative Pos. 1,Lynnette Vehrs,(Prefers Democratic Party),30421,44.66,Legislative
Legislative District 6 - State Representative Pos. 1,Mike Volz,(Prefers Republican Party),37702,55.34,Legislative
Legislative District 6 - State Representative Pos. 2,Jeff Holy,(Prefers Republican Party),42948,62.93,Legislative
Legislative District 6 - State Representative Pos. 2,Shar Lichty,(Prefers Democratic Party),25302,37.07,Legislative
Legislative District 7 - State Representative Pos. 1,Shelly Short,(Prefers Republican Party),56589,100,Legislative
Legislative District 7 - State Representative Pos. 2,Joel Kretz,(Prefers Republican Party),49635,76.86,Legislative
Legislative District 7 - State Representative Pos. 2,Mike Foster,(Prefers Libertarian Party),14946,23.14,Legislative
Legislative District 8 - State Representative Pos. 1,Brad Klippert,(Prefers Republican Party),33711,58.67,Legislative
Legislative District 8 - State Representative Pos. 1,Rick Jansons,(Prefers Republican Party),23750,41.33,Legislative
Legislative District 8 - State Representative Pos. 2,Larry Haler,(Prefers Republican Party),34579,59.84,Legislative
Legislative District 8 - State Representative Pos. 2,Steve Simmons,(Prefers Republican Party),23211,40.16,Legislative
Legislative District 9 - State Senator,Mark G. Schoesler,(Prefers G.O.P Party),41951,100,Legislative
Legislative District 9 - State Representative Pos. 1,Mary Dye,(Prefers Republican Party),35640,66.51,Legislative
Legislative District 9 - State Representative Pos. 1,Jennifer Goulet,(Prefers Democratic Party),17944,33.49,Legislative
Legislative District 9 - State Representative Pos. 2,Joe Schmick,(Prefers Republican Party),42695,100,Legislative
Legislative District 10 - State Senator,Barbara Bailey,(Prefers Republican Party),42309,56.7,Legislative
Legislative District 10 - State Senator,Angie Homola,(Prefers Democratic Party),32309,43.3,Legislative
Legislative District 10 - State Representative Pos. 1,Norma Smith,(Prefers Republican Party),48178,71.95,Legislative
Legislative District 10 - State Representative Pos. 1,Michael Scott,(Prefers Libertarian Party),18778,28.05,Legislative
Legislative District 10 - State Representative Pos. 2,Dave Hayes,(Prefers Republican Party),42962,59.08,Legislative
Legislative District 10 - State Representative Pos. 2,Doris Brevoort,(Prefers Democratic Party),29756,40.92,Legislative
Legislative District 11 - State Senator,Bob Hasegawa,(Prefers Democratic Party),38785,76.36,Legislative
Legislative District 11 - State Senator,Dennis Price,(Prefers Libertarian Party),12010,23.64,Legislative
Legislative District 11 - State Representative Pos. 1,Zack Hudgins,(Prefers Democratic Party),34801,67.82,Legislative
Legislative District 11 - State Representative Pos. 1,Erin Smith Aboudara,(Prefers Republican Party),16511,32.18,Legislative
Legislative District 11 - State Representative Pos. 2,Steve Bergquist,(Prefers Democratic Party),41507,100,Legislative
Legislative District 12 - State Senator,Brad Hawkins,(Prefers Republican Party),30882,56.01,Legislative
Legislative District 12 - State Senator,Jon Wyss ,(Prefers Republican Party),24258,43.99,Legislative
Legislative District 12 - State Representative Pos. 1,Cary Condotta,(Prefers Republican Party),36748,62.92,Legislative
Legislative District 12 - State Representative Pos. 1,Dan Maher,(Prefers Democratic Party),21653,37.08,Legislative
Legislative District 12 - State Representative Pos. 2,Mike Steele,(Prefers Republican Party),30397,60.18,Legislative
Legislative District 12 - State Representative Pos. 2,Jerry Paine,(Prefers Republican Party),20112,39.82,Legislative
Legislative District 13 - State Representative Pos. 1,Tom Dent,(Prefers Republican Party),41673,100,Legislative
Legislative District 13 - State Representative Pos. 2,Matt Manweller,(Prefers Republican Party),35071,70.74,Legislative
Legislative District 13 - State Representative Pos. 2,Jordan Webb,(Prefers Democratic Party),14507,29.26,Legislative
Legislative District 14 - State Senator,Curtis King,(Prefers Republican Party),31156,61.02,Legislative
Legislative District 14 - State Senator,Amanda Richards,(Prefers Independent GOP Party),19900,38.98,Legislative
Legislative District 14 - State Representative Pos. 1,Norm Johnson,(Prefers Republican Party),35787,66.05,Legislative
Legislative District 14 - State Representative Pos. 1,Susan Soto Palmer,(Prefers Democratic Party),18393,33.95,Legislative
Legislative District 14 - State Representative Pos. 2,Gina McCabe,(Prefers Republican Party),36848,68.54,Legislative
Legislative District 14 - State Representative Pos. 2,John (Eric) Adams,(Prefers Democratic Party),16914,31.46,Legislative
Legislative District 15 - State Representative Pos. 1,Bruce Chandler,(Prefers Republican Party),30433,100,Legislative
Legislative District 15 - State Representative Pos. 2,David V. Taylor,(Prefers Republican Party),21926,60.21,Legislative
Legislative District 15 - State Representative Pos. 2,AJ Cooper,(Prefers Democrat Party),14491,39.79,Legislative
Legislative District 16 - State Senator,Maureen Walsh,(Prefers Republican Party),40354,100,Legislative
Legislative District 16 - State Representative Pos. 1,Rebecca Francik,(Prefers Democratic Party),18252,37.97,Legislative
Legislative District 16 - State Representative Pos. 1,William 'Bill' Jenkin,(Prefers Republican Party),29812,62.03,Legislative
Legislative District 16 - State Representative Pos. 2,Terry R. Nealey,(Prefers Republican Party),32860,67.94,Legislative
Legislative District 16 - State Representative Pos. 2,Gary Downing,(Prefers Democratic Party),15507,32.06,Legislative
Legislative District 17 - State Senator,Lynda Wilson,(Prefers Republican Party),32766,55.11,Legislative
Legislative District 17 - State Senator,Tim Probst,(Prefers Independent Dem. Party),26686,44.89,Legislative
Legislative District 17 - State Representative Pos. 1,Vicki Kraft,(Prefers Republican Party),30552,51.66,Legislative
Legislative District 17 - State Representative Pos. 1,Sam Kim,(Prefers Independent Dem Party),28585,48.34,Legislative
Legislative District 17 - State Representative Pos. 2,Paul Harris,(Prefers Republican Party),36936,63.1,Legislative
Legislative District 17 - State Representative Pos. 2,Martin Hash,(Prefers Democratic Party),21602,36.9,Legislative
Legislative District 18 - State Senator,Ann Rivers,(Prefers Republican Party),45316,63.81,Legislative
Legislative District 18 - State Senator,Eric K. Holt,(Prefers Democratic Party),25699,36.19,Legislative
Legislative District 18 - State Representative Pos. 1,Brandon Vick,(Prefers Republican Party),44729,63.35,Legislative
Legislative District 18 - State Representative Pos. 1,Justin Oberg,(Prefers Democratic Party),25874,36.65,Legislative
Legislative District 18 - State Representative Pos. 2,Liz Pike,(Prefers Republican Party),40354,56.82,Legislative
Legislative District 18 - State Representative Pos. 2,Kathy Gillespie,(Prefers Independent Dem. Party),30665,43.18,Legislative
Legislative District 19 - State Senator,Dean Takko,(Prefers Democratic Party),30850,55.17,Legislative
Legislative District 19 - State Senator,Sue Kuehl Pederson,(Prefers Independent GOP Party),25064,44.83,Legislative
Legislative District 19 - State Representative Pos. 1,Jim Walsh,(Prefers Republican Party),28693,50.49,Legislative
Legislative District 19 - State Representative Pos. 1,Teresa Purcell,(Prefers Democratic Party),28134,49.51,Legislative
Legislative District 19 - State Representative Pos. 2,Brian E. Blake,(Prefers Democratic Party),33629,59.91,Legislative
Legislative District 19 - State Representative Pos. 2,Jimi O'Hagan,(Prefers Republican Party),22504,40.09,Legislative
Legislative District 20 - State Senator,John Braun,(Prefers Republican Party),49936,100,Legislative
Legislative District 20 - State Representative Pos. 1,Richard DeBolt,(Prefers GOP Party),47206,100,Legislative
Legislative District 20 - State Representative Pos. 2,Ed Orcutt,(Prefers Republican Party),49195,100,Legislative
Legislative District 21 - State Representative Pos. 1,Strom Peterson,(Prefers Democratic Party),43184,72.19,Legislative
Legislative District 21 - State Representative Pos. 1,Alex Hels,(Prefers Libertarian Party),16639,27.81,Legislative
Legislative District 21 - State Representative Pos. 2,Lillian Ortiz-Self,(Prefers Democratic Party),38170,61.93,Legislative
Legislative District 21 - State Representative Pos. 2,Jeff Scherrer,(Prefers Republican Party),23466,38.07,Legislative
Legislative District 22 - State Senator,Sam Hunt,(Prefers Democratic Party),45882,66.62,Legislative
Legislative District 22 - State Senator,Steve Owens,(States No Party Preference),22986,33.38,Legislative
Legislative District 22 - State Representative Pos. 1,Laurie Dolan,(Prefers Democratic Party),46088,66.32,Legislative
Legislative District 22 - State Representative Pos. 1,Donald Austin,(Prefers Republican Party),23405,33.68,Legislative
Legislative District 22 - State Representative Pos. 2,Beth Doglio,(Prefers Democratic Party),52053,100,Legislative
Legislative District 23 - State Senator,Christine Rolfes,(Prefers Democratic Party),51541,100,Legislative
Legislative District 23 - State Representative Pos. 1,Sherry V. Appleton,(Prefers Democratic Party),39457,57.23,Legislative
Legislative District 23 - State Representative Pos. 1,Loretta Byrnes,(Prefers Republican Party),29491,42.77,Legislative
Legislative District 23 - State Representative Pos. 2,Drew Hansen,(Prefers Democratic Party),50973,100,Legislative
Legislative District 24 - State Senator,Kevin Van De Wege,(Prefers Democratic Party),40808,56.56,Legislative
Legislative District 24 - State Senator,Danille Turissini,(Prefers Independent GOP Party),31342,43.44,Legislative
Legislative District 24 - State Representative Pos. 1,Mike Chapman,(Prefers Democratic Party),43847,60.9,Legislative
Legislative District 24 - State Representative Pos. 1,George Vrable,(Prefers Republican Party),28150,39.1,Legislative
Legislative District 24 - State Representative Pos. 2,Steve Tharinger,(Prefers Democratic Party),40704,56.85,Legislative
Legislative District 24 - State Representative Pos. 2,John D. Alger,(Prefers GOP/Independent Party),30895,43.15,Legislative
Legislative District 25 - State Senator,Hans Zeiger,(Prefers Republican Party),35138,59.33,Legislative
Legislative District 25 - State Senator,Karl Mecklenburg,(Prefers Democratic Party),24088,40.67,Legislative
Legislative District 25 - State Representative Pos. 1,Melanie Stambaugh,(Prefers Republican Party),34719,58.58,Legislative
Legislative District 25 - State Representative Pos. 1,Jamie Smith,(Prefers Democratic Party),24549,41.42,Legislative
Legislative District 25 - State Representative Pos. 2,Joyce McDonald,(Prefers Republican Party),33101,56.19,Legislative
Legislative District 25 - State Representative Pos. 2,Michelle Chatterton,(Prefers Democratic Party),25804,43.81,Legislative
Legislative District 26 - State Representative Pos. 1,Jesse L. Young,(Prefers Republican Party),39857,56.87,Legislative
Legislative District 26 - State Representative Pos. 1,Larry Seaquist,(Prefers Indep&#39;t Democrat Party),30224,43.13,Legislative
Legislative District 26 - State Representative Pos. 2,Michelle Caldier,(Prefers Republican Party),40755,58.94,Legislative
Legislative District 26 - State Representative Pos. 2,Randy Spitzer,(Prefers Independent Dem. Party),28387,41.06,Legislative
Legislative District 27 - State Senator,Jeannie Darneille,(Prefers Democratic Party),40241,69.26,Legislative
Legislative District 27 - State Senator,Greg Taylor,(Prefers Republican Party),17859,30.74,Legislative
Legislative District 27 - State Representative Pos. 1,Laurie Jinkins,(Prefers Democratic Party),46263,100,Legislative
Legislative District 27 - State Representative Pos. 2,Jake Fey,(Prefers Democratic Party),46153,100,Legislative
Legislative District 28 - State Senator,Steve O'Ban,(Prefers Republican Party),30139,52.9,Legislative
Legislative District 28 - State Senator,Marisa Peloquin,(Prefers Democratic Party),26835,47.1,Legislative
Legislative District 28 - State Representative Pos. 1,Richard (Dick) Muri,(Prefers Republican Party),29503,52.1,Legislative
Legislative District 28 - State Representative Pos. 1,Mari Leavitt,(Prefers Democratic Party),27128,47.9,Legislative
Legislative District 28 - State Representative Pos. 2,Christine Kilduff,(Prefers Democratic Party),30920,54.72,Legislative
Legislative District 28 - State Representative Pos. 2,Paul Wagemann,(Prefers Republican Party),25582,45.28,Legislative
Legislative District 29 - State Representative Pos. 1,David Sawyer,(Prefers Democratic Party),24234,59.28,Legislative
Legislative District 29 - State Representative Pos. 1,Rick Thomas,(Prefers Independent Rep Party),16646,40.72,Legislative
Legislative District 29 - State Representative Pos. 2,Steve Kirby,(Prefers Democratic Party),25318,60.78,Legislative
Legislative District 29 - State Representative Pos. 2,Jessica Garcia,(Prefers Republican Party),16334,39.22,Legislative
Legislative District 30 - State Representative Pos. 1,Mike Pellicciotti,(Prefers Democratic Party),26820,54.42,Legislative
Legislative District 30 - State Representative Pos. 1,Linda Kochmar,(Prefers Republican Party),22465,45.58,Legislative
Legislative District 30 - State Representative Pos. 2,Kristine Reeves,(Prefers Democratic Party),25206,51.1,Legislative
Legislative District 30 - State Representative Pos. 2,Teri Hickel,(Prefers Republican Party),24124,48.9,Legislative
Legislative District 31 - State Representative Pos. 1,Drew Stokesbary,(Prefers Republican Party),42776,71.59,Legislative
Legislative District 31 - State Representative Pos. 1,John Frostad,(Prefers Libertarian Party),16976,28.41,Legislative
Legislative District 31 - State Representative Pos. 2,Phil Fortunato,(Prefers Republican Party),36000,57.73,Legislative
Legislative District 31 - State Representative Pos. 2,Lane Walthers,(Prefers Independent Dem. Party),26364,42.27,Legislative
Legislative District 32 - State Representative Pos. 1,Cindy Ryu,(Prefers Democratic Party),50061,75.84,Legislative
Legislative District 32 - State Representative Pos. 1,Alvin Rutledge,(Prefers Republican Party),15950,24.16,Legislative
Legislative District 32 - State Representative Pos. 2,Ruth Kagi,(Prefers Democratic Party),47908,72.56,Legislative
Legislative District 32 - State Representative Pos. 2,David D. Schirle ,(Prefers Republican Party),18115,27.44,Legislative
Legislative District 33 - State Representative Pos. 1,Tina L. Orwall,(Prefers Democratic Party),33312,70.03,Legislative
Legislative District 33 - State Representative Pos. 1,John Potter,(Prefers Republican Party),14257,29.97,Legislative
Legislative District 33 - State Representative Pos. 2,Mia Su-Ling Gregerson,(Prefers Democratic Party),30837,65.42,Legislative
Legislative District 33 - State Representative Pos. 2,Pamela Pollock,(Prefers Republican Party),16303,34.58,Legislative
Legislative District 34 - State Representative Pos. 1,Eileen L. Cody,(Prefers Democratic Party),58754,80.62,Legislative
Legislative District 34 - State Representative Pos. 1,Matthew Benson,(Prefers Republican Party),14126,19.38,Legislative
Legislative District 34 - State Representative Pos. 2,Joe Fitzgibbon,(Prefers Democratic Party),57954,79.75,Legislative
Legislative District 34 - State Representative Pos. 2,Andrew Pilloud,(Prefers Republican Party),14714,20.25,Legislative
Legislative District 35 - State Representative Pos. 1,Dan Griffey,(Prefers Republican Party),36235,54.99,Legislative
Legislative District 35 - State Representative Pos. 1,Irene Bowling,(Prefers Independent Dem. Party),29658,45.01,Legislative
Legislative District 35 - State Representative Pos. 2,Drew C. MacEwen,(Prefers Republican Party),35384,54.21,Legislative
Legislative District 35 - State Representative Pos. 2,Craig Patti,(Prefers Independent Dem. Party),29888,45.79,Legislative
Legislative District 36 - State Senator,Reuven Carlyle,(Prefers Democratic Party),72385,100,Legislative
Legislative District 36 - State Representative Pos. 1,Noel Christina Frame,(Prefers Democratic Party),71028,100,Legislative
Legislative District 36 - State Representative Pos. 2,Gael Tarleton,(Prefers Democratic Party),70492,100,Legislative
Legislative District 37 - State Representative Pos. 1,Sharon Tomiko Santos,(Prefers Democratic Party),57092,90.91,Legislative
Legislative District 37 - State Representative Pos. 1,John Dickinson,(States No Party Preference),5709,9.09,Legislative
Legislative District 37 - State Representative Pos. 2,Eric Pettigrew,(Prefers Democratic Party),53597,86.44,Legislative
Legislative District 37 - State Representative Pos. 2,Tamra Smilanich,(Prefers Non-Partisan Party),8406,13.56,Legislative
Legislative District 38 - State Representative Pos. 1,June Robinson,(Prefers Democratic Party),41895,100,Legislative
Legislative District 38 - State Representative Pos. 2,Mike Sells,(Prefers Democratic Party),31672,62.35,Legislative
Legislative District 38 - State Representative Pos. 2,Bert Johnson,(Prefers Independent Party),19129,37.65,Legislative
Legislative District 39 - State Senator,Kirk Pearson,(Prefers Republican Party),50942,100,Legislative
Legislative District 39 - State Representative Pos. 1,Dan Kristiansen,(Prefers Republican Party),37503,61.67,Legislative
Legislative District 39 - State Representative Pos. 1,Linda M. Wright,(Prefers Democrat Party),23306,38.33,Legislative
Legislative District 39 - State Representative Pos. 2,John Koster,(Prefers Republican Party),37250,60.96,Legislative
Legislative District 39 - State Representative Pos. 2,Ronda Metcalf,(Prefers Democratic Party),23854,39.04,Legislative
Legislative District 40 - State Senator,Kevin Ranker ,(Prefers Democratic Party),47108,67.12,Legislative
Legislative District 40 - State Senator,Daniel R. Miller,(Prefers Republican Party),23081,32.88,Legislative
Legislative District 40 - State Representative Pos. 1,Kristine Lytton,(Prefers Democratic Party),53429,100,Legislative
Legislative District 40 - State Representative Pos. 2,Jeff Morris,(Prefers Democratic Party),52376,100,Legislative
Legislative District 41 - State Senator,Lisa Wellman,(Prefers Democratic Party),37107,51.86,Legislative
Legislative District 41 - State Senator,Steve Litzow,(Prefers Republican Party),34446,48.14,Legislative
Legislative District 41 - State Representative Pos. 1,Tana Senn,(Prefers Democratic Party),45092,64.5,Legislative
Legislative District 41 - State Representative Pos. 1,John Pass,(Prefers Republican Party),24818,35.5,Legislative
Legislative District 41 - State Representative Pos. 2,Judy Clibborn,(Prefers Democratic Party),43077,61.65,Legislative
Legislative District 41 - State Representative Pos. 2,Michael Appleby,(Prefers Republican Party),26794,38.35,Legislative
Legislative District 42 - State Representative Pos. 1,Luanne Van Werven,(Prefers Republican Party),39184,54.61,Legislative
Legislative District 42 - State Representative Pos. 1,Sharlaine LaClair,(Prefers Democratic Party),32565,45.39,Legislative
Legislative District 42 - State Representative Pos. 2,Vincent Buys,(Prefers Republican Party),41054,57.9,Legislative
Legislative District 42 - State Representative Pos. 2,Tracy Atwood,(Prefers Democratic Party),29853,42.1,Legislative
Legislative District 43 - State Representative Pos. 1,Nicole Macri,(Prefers Democratic Party),49605,65.45,Legislative
Legislative District 43 - State Representative Pos. 1,Dan Shih,(Prefers Democratic Party),26180,34.55,Legislative
Legislative District 43 - State Representative Pos. 2,Frank Chopp,(Prefers Democratic Party),67403,100,Legislative
Legislative District 44 - State Representative Pos. 1,John Lovick,(Prefers Democratic Party),36836,51.98,Legislative
Legislative District 44 - State Representative Pos. 1,Janice Huxford,(Prefers Republican Party),34026,48.02,Legislative
Legislative District 44 - State Representative Pos. 2,Mark Harmsworth,(Prefers Republican Party),38138,54.55,Legislative
Legislative District 44 - State Representative Pos. 2,Katrina Ondracek,(Prefers Democratic Party),31773,45.45,Legislative
Legislative District 45 - State Representative Pos. 1,Roger Goodman,(Prefers Democratic Party),42981,61.87,Legislative
Legislative District 45 - State Representative Pos. 1,Ramiro Valderrama,(Prefers GOP Party),26491,38.13,Legislative
Legislative District 45 - State Representative Pos. 2,Larry Springer,(Prefers Democratic Party),53018,100,Legislative
Legislative District 46 - State Representative Pos. 1,Gerry Pollet,(Prefers Democratic Party),63831,84.88,Legislative
Legislative District 46 - State Representative Pos. 1,Stephanie Heart Viskovich,(Prefers Libertarian Party),11371,15.12,Legislative
Legislative District 46 - State Representative Pos. 2,Jessyn Farrell,(Prefers Democratic Party),63887,100,Legislative
Legislative District 47 - State Representative Pos. 1,Mark Hargrove,(Prefers Republican Party),31327,57.08,Legislative
Legislative District 47 - State Representative Pos. 1,Brooke Valentine,(Prefers Democratic Party),23556,42.92,Legislative
Legislative District 47 - State Representative Pos. 2,Pat Sullivan,(Prefers Democratic Party),31858,58.01,Legislative
Legislative District 47 - State Representative Pos. 2,Barry Knowles,(Prefers Republican Party),23056,41.99,Legislative
Legislative District 48 - State Representative Pos. 1,Patty Kuderer,(Prefers Democratic Party),39472,70.12,Legislative
Legislative District 48 - State Representative Pos. 1,Michelle Darnell,(Prefers Libertarian Party),16824,29.88,Legislative
Legislative District 48 - State Representative Pos. 2,Joan McBride,(Prefers Democratic Party),40633,72.64,Legislative
Legislative District 48 - State Representative Pos. 2,Benjamin Judah Phelps,(Prefers Libertarian Party),15302,27.36,Legislative
Legislative District 49 - State Senator,Annette Cleveland,(Prefers Democratic Party),34548,62.26,Legislative
Legislative District 49 - State Senator,Lewis Gerhardt,(Prefers Republican Party),20943,37.74,Legislative
Legislative District 49 - State Representative Pos. 1,Sharon Wylie,(Prefers Democratic Party),34762,72.21,Legislative
Legislative District 49 - State Representative Pos. 1,Kaitlyn Beck,(Prefers Democratic Party),13381,27.79,Legislative
Legislative District 49 - State Representative Pos. 2,Monica Jurado Stonier,(Prefers Democratic Party),26745,55.14,Legislative
Legislative District 49 - State Representative Pos. 2,Alishia Topper,(Prefers Democratic Party),21756,44.86,Legislative
Supreme Court - Justice Position 1,Mary Yu,,1577495,57.33,Judicial
Supreme Court - Justice Position 1,David DeWolf ,,1174263,42.67,Judicial
Supreme Court - Justice Position 5,Barbara Madsen,,1679786,61.95,Judicial
Supreme Court - Justice Position 5,Greg Zempel,,1031698,38.05,Judicial
Supreme Court - Justice Position 6,Charles (Charlie) Wiggins,,1535554,57.49,Judicial
Supreme Court - Justice Position 6,Dave Larson,,1135285,42.51,Judicial
"Court of Appeals, Division 1, District 1 - Judge Position 1",Michael J. Trickey,,632098,100,Judicial
"Court of Appeals, Division 1, District 2 - Judge Position 1",Steve Dwyer,,254988,100,Judicial
"Court of Appeals, Division 2, District 1 - Judge Position 1",Brad Maxa,,236749,100,Judicial
"Court of Appeals, Division 2, District 3 - Judge Position 2",Jill M. Johanson,,211205,100,Judicial
"Court of Appeals, Division 3, District 2 - Judge Position 1",George Fearing,,86411,53.6,Judicial
"Court of Appeals, Division 3, District 2 - Judge Position 1",Patrick McBurney,,74813,46.4,Judicial
"Court of Appeals, Division 3, District 3 - Judge Position 1",Rebecca Pennell,,106059,100,Judicial
Adams Superior Court  - Judge Position 1,Steve Dixon,,3576,100,Judicial
"Asotin, Columbia, Garfield Superior Court - Judge Position 1",Scott D. Gallina,,10406,100,Judicial
"Benton, Franklin Superior Court - Judge Position 1",Bruce A. Spanner,,75587,100,Judicial
"Benton, Franklin Superior Court - Judge Position 2",Joe Burrowes,,48499,52.66,Judicial
"Benton, Franklin Superior Court - Judge Position 2",Sam Swanberg,,43603,47.34,Judicial
"Benton, Franklin Superior Court - Judge Position 3",Alexander Carl Ekstrom,,49528,54.45,Judicial
"Benton, Franklin Superior Court - Judge Position 3",Alicia Marie Berry,,41433,45.55,Judicial
"Benton, Franklin Superior Court - Judge Position 4",Cameron Mitchell,,78206,100,Judicial
"Benton, Franklin Superior Court - Judge Position 5",Vic L. VanderSchoor,,75928,100,Judicial
"Benton, Franklin Superior Court - Judge Position 6",Carrie Runge,,75210,100,Judicial
"Benton, Franklin Superior Court - Judge Position 7",Jackie Shea Brown,,75697,100,Judicial
Chelan Superior Court - Judge Position 1,Lesley A. Allan,,22026,100,Judicial
Chelan Superior Court - Judge Position 2,T.W. (Chip) Small,,22347,100,Judicial
Chelan Superior Court - Judge Position 3,Alicia H. Nakata,,21170,100,Judicial
Clallam Superior Court - Judge Position 1,Erik Rohrer,,25508,100,Judicial
Clallam Superior Court - Judge Position 2,Brian Paul Coughenour,,17805,52.51,Judicial
Clallam Superior Court - Judge Position 2,Dave Neupert,,16105,47.49,Judicial
Clallam Superior Court - Judge Position 3,Christopher Melly,,25542,100,Judicial
Cowlitz Superior Court - Judge Position 1,Joshua J. Baldwin ,,17422,44.05,Judicial
Cowlitz Superior Court - Judge Position 1,Gary B. Bashor,,22132,55.95,Judicial
Douglas Superior Court  - Judge Position 1,John Hotchkiss,,11124,100,Judicial
"Ferry, Pend Oreille, Stevens Superior Court - Judge Position 1",Patrick A. Monasmith,,21247,73.97,Judicial
"Ferry, Pend Oreille, Stevens Superior Court - Judge Position 1",C. Olivia Irwin,,7477,26.03,Judicial
"Ferry, Pend Oreille, Stevens Superior Court - Judge Position 2",Jessica (Taylor) Reeves,,17459,60.66,Judicial
"Ferry, Pend Oreille, Stevens Superior Court - Judge Position 2",Terry L. Williams,,11324,39.34,Judicial
Grant Superior Court - Judge Position 1,David Estudillo,,13859,51.63,Judicial
Grant Superior Court - Judge Position 1,Nick Wallace,,12982,48.37,Judicial
Grant Superior Court - Judge Position 2,John D. Knodell,,20956,100,Judicial
Grant Superior Court - Judge Position 3,John Antosz,,18322,100,Judicial
Grays Harbor Superior Court - Judge Position 1,Stephen E. Brown,,21472,100,Judicial
Grays Harbor Superior Court - Judge Position 2,David L. Edwards,,21339,100,Judicial
Grays Harbor Superior Court - Judge Position 3,Mark McCauley,,21538,100,Judicial
Island Superior Court - Judge Position 1,Alan R. Hancock,,30859,100,Judicial
Island Superior Court - Judge Position 2,Vickie I. Churchill,,30235,100,Judicial
Jefferson Superior Court - Judge Position 1,Keith C. Harper,,14081,100,Judicial
King Superior Court - Judge Position 14,Nicole Gaines Phelps,,621163,79.31,Judicial
King Superior Court - Judge Position 14,David Greenspan,,162057,20.69,Judicial
King Superior Court - Judge Position 26,David Keenan,,588115,76.25,Judicial
King Superior Court - Judge Position 26,John H. O'Rourke,,183142,23.75,Judicial
King Superior Court - Judge Position 31,Marc S. Stern,,166263,21.34,Judicial
King Superior Court - Judge Position 31,Helen Halpert,,612953,78.66,Judicial
King Superior Court - Judge Position 44,Cathy Moore,,431407,55.55,Judicial
King Superior Court - Judge Position 44,Eric Newman,,345248,44.45,Judicial
King Superior Court - Judge Position 52,Anthony Gipe,,363146,46.94,Judicial
King Superior Court - Judge Position 52,Kristin Richardson,,410437,53.06,Judicial
King Superior Court - Judge Position 53,Mariane Spearman,,587763,75.46,Judicial
King Superior Court - Judge Position 53,Thomas Cline,,191143,24.54,Judicial
Kitsap Superior Court - Judge Position 5,Dale A. Magneson,,49578,47.33,Judicial
Kitsap Superior Court - Judge Position 5,Jeffrey P. Bassett,,55181,52.67,Judicial
Kittitas Superior Court - Judge Position 1,Candace Hooper,,9918,61.35,Judicial
Kittitas Superior Court - Judge Position 1,Chris Herion,,6249,38.65,Judicial
Kittitas Superior Court - Judge Position 2,Scott R. Sparks,,13392,100,Judicial
"Klickitat, Skamania Superior Court - Judge Position 1",Randall Krog,,10035,100,Judicial
Lewis Superior Court - Judge Position 1,Andrew Toynbee,,22654,100,Judicial
Lewis Superior Court - Judge Position 2,James W. Lawler,,23662,100,Judicial
Lewis Superior Court - Judge Position 3,Joely O'Rourke,,20771,71.55,Judicial
Lewis Superior Court - Judge Position 3,Katherine Gulmert,,8258,28.45,Judicial
Lincoln Superior Court - Judge Position 1,John F. Strohmaier,,4560,100,Judicial
Mason Superior Court - Judge Position 1,Amber Louise Finlay,,19165,100,Judicial
Mason Superior Court - Judge Position 2,Toni A Sheldon,,19210,100,Judicial
Mason Superior Court - Judge Position 3,Daniel L. Goodell,,19185,100,Judicial
Okanogan Superior Court - Judge Position 1,Henry (Hank) Rawson,,12584,100,Judicial
Okanogan Superior Court - Judge Position 2,Chris Culp,,12462,100,Judicial
"Pacific, Wahkiakum Superior Court - Judge Position 1",Douglas E. Goelz,,5743,50.34,Judicial
"Pacific, Wahkiakum Superior Court - Judge Position 1",Michael S. Turner,,5666,49.66,Judicial
Pierce Superior Court - Judge Position 2,Timothy L. Ashcraft,,148544,51.71,Judicial
Pierce Superior Court - Judge Position 2,Katherine M. Stolz,,138735,48.29,Judicial
Pierce Superior Court - Judge Position 5,Dominique L. Jinhong,,106950,37.74,Judicial
Pierce Superior Court - Judge Position 5,Shelly K. Speir,,176432,62.26,Judicial
Pierce Superior Court - Judge Position 8,Grant Blinn,,155706,55.54,Judicial
Pierce Superior Court - Judge Position 8,Dwayne L. Christopher,,124644,44.46,Judicial
Pierce Superior Court - Judge Position 17,Karena Kirkendoll,,149416,52.66,Judicial
Pierce Superior Court - Judge Position 17,Tom Quinlan,,134303,47.34,Judicial
San Juan Superior Court - Judge Position 1,Donald E. Eaton,,7360,100,Judicial
Skagit Superior Court - Judge Position 3,Laura Riquelme,,23697,49.01,Judicial
Skagit Superior Court - Judge Position 3,David A. Svaren,,24652,50.99,Judicial
Snohomish Superior Court - Judge Position 3,Cindy Larsen,,148097,50.98,Judicial
Snohomish Superior Court - Judge Position 3,Rico Tessandore,,142401,49.02,Judicial
Spokane Superior Court - Judge Position 10,Linda Tompkins,,118630,60.56,Judicial
Spokane Superior Court - Judge Position 10,Ward Andrews,,77246,39.44,Judicial
Spokane Superior Court - Judge Position 11,Greg Sypolt,,86594,44.84,Judicial
Spokane Superior Court - Judge Position 11,Tim Fennessy,,106533,55.16,Judicial
Thurston Superior Court - Judge Position 1,Chris Lanese,,56221,50.54,Judicial
Thurston Superior Court - Judge Position 1,Laura M. Murphy,,55011,49.46,Judicial
Thurston Superior Court - Judge Position 7,John C. Skinder,,58984,54.66,Judicial
Thurston Superior Court - Judge Position 7,Jim Foley,,48920,45.34,Judicial
Walla Walla  Superior Court - Judge Position 1,John W. Lohrmann,,19549,100,Judicial
Walla Walla  Superior Court - Judge Position 2,M. Scott Wolfram,,19564,100,Judicial
Whitman Superior Court - Judge Position 1,Gary J. Libey,,12067,100,Judicial
Yakima Superior Court - Judge Position 3,Douglas L. Federspiel,,36606,52.53,Judicial
Yakima Superior Court - Judge Position 3,Alex Newhouse,,33080,47.47,Judicial
